date,mode,matchId,legId,player,attemptedScore,scoredPoints,dartsUsed,isCheckout,target,hit,segment,multiplier,value
2026-07-15T08:58:00.039Z,clock,10,,Ant,,,,,1,true,,,
2026-07-15T08:58:00.333Z,clock,10,,Ant,,,,,2,true,,,
2026-07-15T08:58:01.001Z,clock,10,,Ant,,,,,3,false,,,
2026-07-15T08:58:16.270Z,clock,10,,Ant,,,,,3,true,,,
2026-07-15T08:58:16.788Z,clock,10,,Ant,,,,,4,false,,,
2026-07-15T08:58:17.018Z,clock,10,,Ant,,,,,4,false,,,
2026-07-15T08:58:32.239Z,clock,10,,Ant,,,,,4,true,,,
2026-07-15T08:58:32.520Z,clock,10,,Ant,,,,,5,true,,,
2026-07-15T08:58:32.789Z,clock,10,,Ant,,,,,6,true,,,
2026-07-15T08:58:48.092Z,clock,10,,Ant,,,,,7,false,,,
2026-07-15T08:58:48.591Z,clock,10,,Ant,,,,,7,true,,,
2026-07-15T08:58:48.924Z,clock,10,,Ant,,,,,8,false,,,
2026-07-15T08:59:02.243Z,clock,10,,Ant,,,,,8,true,,,
2026-07-15T08:59:02.541Z,clock,10,,Ant,,,,,9,true,,,
2026-07-15T08:59:02.957Z,clock,10,,Ant,,,,,10,false,,,
2026-07-15T08:59:16.696Z,clock,10,,Ant,,,,,10,true,,,
2026-07-15T08:59:17.011Z,clock,10,,Ant,,,,,11,false,,,
2026-07-15T08:59:17.362Z,clock,10,,Ant,,,,,11,true,,,
2026-07-15T08:59:33.431Z,clock,10,,Ant,,,,,12,true,,,
2026-07-15T08:59:33.915Z,clock,10,,Ant,,,,,13,false,,,
2026-07-15T08:59:34.129Z,clock,10,,Ant,,,,,13,false,,,
2026-07-15T08:59:47.483Z,clock,10,,Ant,,,,,13,false,,,
2026-07-15T08:59:47.882Z,clock,10,,Ant,,,,,13,true,,,
2026-07-15T08:59:48.283Z,clock,10,,Ant,,,,,14,false,,,
2026-07-15T09:00:01.797Z,clock,10,,Ant,,,,,14,false,,,
2026-07-15T09:00:02.268Z,clock,10,,Ant,,,,,14,true,,,
2026-07-15T09:00:02.516Z,clock,10,,Ant,,,,,15,true,,,
2026-07-15T09:00:16.053Z,clock,10,,Ant,,,,,16,false,,,
2026-07-15T09:00:16.251Z,clock,10,,Ant,,,,,16,false,,,
2026-07-15T09:00:16.471Z,clock,10,,Ant,,,,,16,false,,,
2026-07-15T09:00:29.326Z,clock,10,,Ant,,,,,16,false,,,
2026-07-15T09:00:29.542Z,clock,10,,Ant,,,,,16,false,,,
2026-07-15T09:00:29.741Z,clock,10,,Ant,,,,,16,false,,,
2026-07-15T09:00:44.129Z,clock,10,,Ant,,,,,16,true,,,
2026-07-15T09:00:44.409Z,clock,10,,Ant,,,,,17,true,,,
2026-07-15T09:00:44.761Z,clock,10,,Ant,,,,,18,false,,,
2026-07-15T09:00:57.663Z,clock,10,,Ant,,,,,18,true,,,
2026-07-15T09:00:57.979Z,clock,10,,Ant,,,,,19,false,,,
2026-07-15T09:00:58.330Z,clock,10,,Ant,,,,,19,true,,,
2026-07-15T09:01:11.165Z,clock,10,,Ant,,,,,20,false,,,
2026-07-15T09:01:11.379Z,clock,10,,Ant,,,,,20,false,,,
2026-07-15T09:01:11.765Z,clock,10,,Ant,,,,,20,true,,,
2026-07-15T09:01:25.317Z,clock,10,,Ant,,,,,25,false,,,
2026-07-15T09:01:25.531Z,clock,10,,Ant,,,,,25,false,,,
2026-07-15T09:01:25.751Z,clock,10,,Ant,,,,,25,false,,,
2026-07-15T09:01:42.519Z,clock,10,,Ant,,,,,25,false,,,
2026-07-15T09:01:42.734Z,clock,10,,Ant,,,,,25,false,,,
2026-07-15T09:01:42.919Z,clock,10,,Ant,,,,,25,false,,,
2026-07-15T09:01:55.685Z,clock,10,,Ant,,,,,25,false,,,
2026-07-15T09:01:56.456Z,clock,10,,Ant,,,,,25,true,,,
2026-07-18T10:43:02.346Z,clock,26,,Ant,,,,,1,true,,,
2026-07-18T10:43:02.573Z,clock,26,,Ant,,,,,2,true,,,
2026-07-18T10:43:02.975Z,clock,26,,Ant,,,,,3,false,,,
2026-07-18T10:43:17.811Z,clock,26,,Ant,,,,,3,false,,,
2026-07-18T10:43:18.142Z,clock,26,,Ant,,,,,3,false,,,
2026-07-18T10:43:18.545Z,clock,26,,Ant,,,,,3,true,,,
2026-07-18T10:43:35.649Z,clock,26,,Ant,,,,,4,false,,,
2026-07-18T10:43:35.844Z,clock,26,,Ant,,,,,4,false,,,
2026-07-18T10:43:36.080Z,clock,26,,Ant,,,,,4,false,,,
2026-07-18T10:43:51.233Z,clock,26,,Ant,,,,,4,false,,,
2026-07-18T10:43:51.445Z,clock,26,,Ant,,,,,4,false,,,
2026-07-18T10:43:51.681Z,clock,26,,Ant,,,,,4,false,,,
2026-07-18T10:44:06.236Z,clock,26,,Ant,,,,,4,true,,,
2026-07-18T10:44:06.501Z,clock,26,,Ant,,,,,5,true,,,
2026-07-18T10:44:07.636Z,clock,26,,Ant,,,,,6,false,,,
2026-07-18T10:44:23.888Z,clock,26,,Ant,,,,,6,false,,,
2026-07-18T10:44:24.102Z,clock,26,,Ant,,,,,6,false,,,
2026-07-18T10:44:24.319Z,clock,26,,Ant,,,,,6,false,,,
2026-07-18T10:44:41.665Z,clock,26,,Ant,,,,,6,false,,,
2026-07-18T10:44:41.945Z,clock,26,,Ant,,,,,6,false,,,
2026-07-18T10:44:42.332Z,clock,26,,Ant,,,,,6,true,,,
2026-07-18T10:44:59.152Z,clock,26,,Ant,,,,,7,false,,,
2026-07-18T10:44:59.365Z,clock,26,,Ant,,,,,7,false,,,
2026-07-18T10:44:59.568Z,clock,26,,Ant,,,,,7,false,,,
2026-07-18T10:45:16.271Z,clock,26,,Ant,,,,,7,false,,,
2026-07-18T10:45:16.937Z,clock,26,,Ant,,,,,7,true,,,
2026-07-18T10:45:17.588Z,clock,26,,Ant,,,,,8,true,,,
2026-07-18T10:45:31.529Z,clock,26,,Ant,,,,,9,false,,,
2026-07-18T10:45:31.805Z,clock,26,,Ant,,,,,9,true,,,
2026-07-18T10:45:32.090Z,clock,26,,Ant,,,,,10,false,,,
2026-07-18T10:45:48.576Z,clock,26,,Ant,,,,,10,true,,,
2026-07-18T10:45:48.824Z,clock,26,,Ant,,,,,11,true,,,
2026-07-18T10:45:49.126Z,clock,26,,Ant,,,,,12,false,,,
2026-07-18T10:46:06.121Z,clock,26,,Ant,,,,,12,true,,,
2026-07-18T10:46:06.703Z,clock,26,,Ant,,,,,13,false,,,
2026-07-18T10:46:07.018Z,clock,26,,Ant,,,,,13,false,,,
2026-07-18T10:46:21.293Z,clock,26,,Ant,,,,,13,false,,,
2026-07-18T10:46:21.888Z,clock,26,,Ant,,,,,13,true,,,
2026-07-18T10:46:22.237Z,clock,26,,Ant,,,,,14,true,,,
2026-07-18T10:46:36.708Z,clock,26,,Ant,,,,,15,true,,,
2026-07-18T10:46:37.558Z,clock,26,,Ant,,,,,16,false,,,
2026-07-18T10:46:43.040Z,clock,26,,Ant,,,,,16,true,,,
2026-07-18T10:46:57.062Z,clock,26,,Ant,,,,,17,false,,,
2026-07-18T10:46:57.592Z,clock,26,,Ant,,,,,17,true,,,
2026-07-18T10:46:59.029Z,clock,26,,Ant,,,,,18,true,,,
2026-07-18T10:47:12.781Z,clock,26,,Ant,,,,,19,false,,,
2026-07-18T10:47:13.212Z,clock,26,,Ant,,,,,19,true,,,
2026-07-18T10:47:13.614Z,clock,26,,Ant,,,,,20,false,,,
2026-07-18T10:47:28.145Z,clock,26,,Ant,,,,,20,false,,,
2026-07-18T10:47:28.646Z,clock,26,,Ant,,,,,20,false,,,
2026-07-18T10:47:29.043Z,clock,26,,Ant,,,,,20,false,,,
2026-07-18T10:47:42.431Z,clock,26,,Ant,,,,,20,false,,,
2026-07-18T10:47:43.063Z,clock,26,,Ant,,,,,20,true,,,
2026-07-18T10:47:43.564Z,clock,26,,Ant,,,,,25,false,,,
2026-07-18T10:47:57.567Z,clock,26,,Ant,,,,,25,false,,,
2026-07-18T10:47:57.912Z,clock,26,,Ant,,,,,25,false,,,
2026-07-18T10:47:58.197Z,clock,26,,Ant,,,,,25,false,,,
2026-07-18T10:48:07.916Z,clock,26,,Ant,,,,,25,true,,,
2026-07-18T10:51:59.212Z,clock,27,,Ant,,,,,1,false,,,
2026-07-18T10:51:59.487Z,clock,27,,Ant,,,,,1,false,,,
2026-07-18T10:51:59.956Z,clock,27,,Ant,,,,,1,true,,,
2026-07-18T10:52:14.642Z,clock,27,,Ant,,,,,2,false,,,
2026-07-18T10:52:14.973Z,clock,27,,Ant,,,,,2,false,,,
2026-07-18T10:52:15.309Z,clock,27,,Ant,,,,,2,true,,,
2026-07-18T10:52:29.228Z,clock,27,,Ant,,,,,3,false,,,
2026-07-18T10:52:29.525Z,clock,27,,Ant,,,,,3,false,,,
2026-07-18T10:52:31.394Z,clock,27,,Ant,,,,,3,true,,,
2026-07-18T10:52:46.230Z,clock,27,,Ant,,,,,4,true,,,
2026-07-18T10:52:46.577Z,clock,27,,Ant,,,,,5,true,,,
2026-07-18T10:52:46.980Z,clock,27,,Ant,,,,,6,true,,,
2026-07-18T10:53:01.865Z,clock,27,,Ant,,,,,7,false,,,
2026-07-18T10:53:02.246Z,clock,27,,Ant,,,,,7,false,,,
2026-07-18T10:53:02.615Z,clock,27,,Ant,,,,,7,true,,,
2026-07-18T10:53:16.600Z,clock,27,,Ant,,,,,8,false,,,
2026-07-18T10:53:16.931Z,clock,27,,Ant,,,,,8,false,,,
2026-07-18T10:53:17.285Z,clock,27,,Ant,,,,,8,false,,,
2026-07-18T10:53:31.337Z,clock,27,,Ant,,,,,8,false,,,
2026-07-18T10:53:31.820Z,clock,27,,Ant,,,,,8,true,,,
2026-07-18T10:53:32.152Z,clock,27,,Ant,,,,,9,false,,,
2026-07-18T10:53:47.155Z,clock,27,,Ant,,,,,9,false,,,
2026-07-18T10:53:47.570Z,clock,27,,Ant,,,,,9,false,,,
2026-07-18T10:53:47.989Z,clock,27,,Ant,,,,,9,true,,,
2026-07-18T10:54:03.741Z,clock,27,,Ant,,,,,10,true,,,
2026-07-18T10:54:04.124Z,clock,27,,Ant,,,,,11,false,,,
2026-07-18T10:54:04.542Z,clock,27,,Ant,,,,,11,true,,,
2026-07-18T10:54:19.127Z,clock,27,,Ant,,,,,12,true,,,
2026-07-18T10:54:19.575Z,clock,27,,Ant,,,,,13,true,,,
2026-07-18T10:54:19.978Z,clock,27,,Ant,,,,,14,true,,,
2026-07-18T10:54:34.729Z,clock,27,,Ant,,,,,15,false,,,
2026-07-18T10:54:35.145Z,clock,27,,Ant,,,,,15,true,,,
2026-07-18T10:54:35.546Z,clock,27,,Ant,,,,,16,false,,,
2026-07-18T10:54:52.565Z,clock,27,,Ant,,,,,16,true,,,
2026-07-18T10:54:52.996Z,clock,27,,Ant,,,,,17,true,,,
2026-07-18T10:54:53.348Z,clock,27,,Ant,,,,,18,true,,,
2026-07-18T10:55:07.867Z,clock,27,,Ant,,,,,19,false,,,
2026-07-18T10:55:08.283Z,clock,27,,Ant,,,,,19,true,,,
2026-07-18T10:55:08.618Z,clock,27,,Ant,,,,,20,false,,,
2026-07-18T10:55:22.020Z,clock,27,,Ant,,,,,20,true,,,
2026-07-18T10:55:22.553Z,clock,27,,Ant,,,,,25,false,,,
2026-07-18T10:55:23.170Z,clock,27,,Ant,,,,,25,true,,,
2026-07-18T11:04:10.219Z,clock,28,,Ant,,,,,1,false,,,
2026-07-18T11:04:10.649Z,clock,28,,Ant,,,,,1,true,,,
2026-07-18T11:04:11.032Z,clock,28,,Ant,,,,,2,false,,,
2026-07-18T11:04:28.652Z,clock,28,,Ant,,,,,2,true,,,
2026-07-18T11:04:29.016Z,clock,28,,Ant,,,,,3,true,,,
2026-07-18T11:04:29.469Z,clock,28,,Ant,,,,,4,false,,,
2026-07-18T11:04:47.222Z,clock,28,,Ant,,,,,4,true,,,
2026-07-18T11:04:47.705Z,clock,28,,Ant,,,,,5,false,,,
2026-07-18T11:04:48.121Z,clock,28,,Ant,,,,,5,true,,,
2026-07-18T11:05:04.691Z,clock,28,,Ant,,,,,6,false,,,
2026-07-18T11:05:05.088Z,clock,28,,Ant,,,,,6,false,,,
2026-07-18T11:05:05.541Z,clock,28,,Ant,,,,,6,true,,,
2026-07-18T11:05:20.593Z,clock,28,,Ant,,,,,7,false,,,
2026-07-18T11:05:21.060Z,clock,28,,Ant,,,,,7,true,,,
2026-07-18T11:05:21.391Z,clock,28,,Ant,,,,,8,true,,,
2026-07-18T11:05:36.429Z,clock,28,,Ant,,,,,9,true,,,
2026-07-18T11:05:37.062Z,clock,28,,Ant,,,,,10,true,,,
2026-07-18T11:05:37.646Z,clock,28,,Ant,,,,,11,true,,,
2026-07-18T11:05:56.049Z,clock,28,,Ant,,,,,12,false,,,
2026-07-18T11:05:56.464Z,clock,28,,Ant,,,,,12,true,,,
2026-07-18T11:05:56.832Z,clock,28,,Ant,,,,,13,false,,,
2026-07-18T11:06:14.835Z,clock,28,,Ant,,,,,13,false,,,
2026-07-18T11:06:15.435Z,clock,28,,Ant,,,,,13,true,,,
2026-07-18T11:06:15.749Z,clock,28,,Ant,,,,,14,true,,,
2026-07-18T11:06:30.220Z,clock,28,,Ant,,,,,15,true,,,
2026-07-18T11:06:30.650Z,clock,28,,Ant,,,,,16,true,,,
2026-07-18T11:06:31.002Z,clock,28,,Ant,,,,,17,true,,,
2026-07-18T11:06:46.263Z,clock,28,,Ant,,,,,18,false,,,
2026-07-18T11:06:46.696Z,clock,28,,Ant,,,,,18,true,,,
2026-07-18T11:06:47.080Z,clock,28,,Ant,,,,,19,false,,,
2026-07-18T11:07:00.671Z,clock,28,,Ant,,,,,19,true,,,
2026-07-18T11:07:01.003Z,clock,28,,Ant,,,,,20,false,,,
2026-07-18T11:07:01.303Z,clock,28,,Ant,,,,,20,true,,,
2026-07-18T11:07:10.690Z,clock,28,,Ant,,,,,25,true,,,